date,Mean_CH4,ffm,tm,um
5/12/2019 0:00,1854.480592,2.4,15.9,44.4
5/13/2019 0:00,1854.405999,3,16.1,40.4
5/14/2019 0:00,1854.331406,2.2,17.3,36.4
5/15/2019 0:00,1854.256813,3,16,39.6
5/16/2019 0:00,1854.18222,2.6,16.7,38.2
5/17/2019 0:00,1854.107627,3.8,17.2,33.8
5/18/2019 0:00,1854.033034,3.4,17.8,38.8
5/19/2019 0:00,1853.958441,5,18.9,42
5/20/2019 0:00,1853.883848,4.33333,18.6,43.3333
5/21/2019 0:00,1853.809255,4.8,18.6,45.6
5/22/2019 0:00,1853.734662,3.4,15.2,55.6
5/23/2019 0:00,1853.660069,3.6,17.3,41.6
5/24/2019 0:00,1853.585476,4.4,19.9,32.8
5/25/2019 0:00,1853.510883,5.2,20.4,30.4
5/26/2019 0:00,1853.43629,3.6,22.8,31.2
5/27/2019 0:00,1853.361697,5.4,22.6,21.6
5/28/2019 0:00,1853.287104,2.2,18.3,41.4
5/29/2019 0:00,1853.212511,2.6,17.9,46.4
5/30/2019 0:00,1853.137918,2.8,16.3,38.6
5/31/2019 0:00,1853.063325,3.2,14.1,41.2
6/1/2019 0:00,1852.988732,2,15.8,37
6/2/2019 0:00,1852.914139,2.4,17.1,25.6
6/3/2019 0:00,1852.839545,2,19.3,23
6/4/2019 0:00,1852.764952,2.6,21.5,25.6
6/5/2019 0:00,1852.690359,3.2,23.8,23
6/6/2019 0:00,1852.615766,3.8,24.8,31
6/7/2019 0:00,1852.541173,3.8,26,26.6
6/8/2019 0:00,1852.46658,3,24.6,35.4
6/9/2019 0:00,1852.391987,2.6,21.4,38.6
6/10/2019 0:00,1852.317394,2,20.5,34.6
6/11/2019 0:00,1852.242801,2.6,22.5,36.2
6/12/2019 0:00,1852.168208,4,22.4,38.2
6/13/2019 0:00,1852.093615,3,22,35.2
6/14/2019 0:00,1852.019022,3.2,21.1,35.6
6/15/2019 0:00,1851.944429,2.2,20.2,35.2
6/16/2019 0:00,1851.869836,2.2,21.8,29.4
6/17/2019 0:00,1851.795243,1.8,23.7,22.4
6/18/2019 0:00,1851.72065,3.2,23.2,21.8
6/19/2019 0:00,1851.646057,3.5,21.5,34.25
6/20/2019 0:00,1851.571464,2,21.6,34
6/21/2019 0:00,1851.496871,1.8,23.1,30.2
6/22/2019 0:00,1851.422278,1.4,23.6,36.6
6/23/2019 0:00,1851.347685,2.4,26.1,32
6/24/2019 0:00,1851.273092,3.4,26.8,22.4
6/25/2019 0:00,1854.972287,3.6,27.5,23.2
6/26/2019 0:00,1878.118411,2.4,25,27.8
6/27/2019 0:00,1846.947007,2,24.5,30
6/28/2019 0:00,1844.371452,2.2,25.1,36
6/29/2019 0:00,1841.795897,4.4,27.2,22.8
6/30/2019 0:00,1846.657982,3.8,25.8,19.6
7/1/2019 0:00,1851.520067,3.8,21.5,39.8
7/2/2019 0:00,1856.382151,4.2,18.1,34.8
7/3/2019 0:00,1861.244236,2.8,21,32.6
7/4/2019 0:00,1866.106321,2.8,24.5,31.2
7/5/2019 0:00,1861.996382,2.4,24.6,29.4
7/6/2019 0:00,1882.769411,2.2,24.3,29.4
7/7/2019 0:00,1859.847055,2.6,22.4,37.6
7/8/2019 0:00,1856.456613,2.6,22.4,37.6
7/9/2019 0:00,1860.250096,4.2,24.2,36
7/10/2019 0:00,1864.043578,2.8,21.8,42.2
7/11/2019 0:00,1850.567341,2.4,23.9,37.8
7/12/2019 0:00,1837.091104,3.2,26.5,24.2
7/13/2019 0:00,1823.614867,3.2,24.3,19.2
7/14/2019 0:00,1848.178951,3,25.4,18
7/15/2019 0:00,1855.05844,2,25.3,30
7/16/2019 0:00,1861.937929,2.4,25.8,21.4
7/17/2019 0:00,1868.817419,3.8,27.4,24.8
7/18/2019 0:00,1875.696908,2.8,28.1,26.2
7/19/2019 0:00,1875.312865,2.8,27.5,18.4
7/20/2019 0:00,1874.928822,3.2,27.7,29.4
7/21/2019 0:00,1874.544779,3.4,25.5,28.2
7/22/2019 0:00,1874.160737,4.6,29.3,20.4
7/23/2019 0:00,1873.776694,4,27.8,24
7/24/2019 0:00,1873.392651,4.2,30.3,18.4
7/25/2019 0:00,1873.008608,2.6,26.4,15.8
7/26/2019 0:00,1871.633388,3.2,24.9,26.8
7/27/2019 0:00,1877.11844,3,24,33.4
7/28/2019 0:00,1882.603492,2.8,24.8,40.4
7/29/2019 0:00,1879.551707,2.2,24.4,37
7/30/2019 0:00,1876.499922,2.4,24.6,28.6
7/31/2019 0:00,1873.448137,1.6,27,22.6
8/1/2019 0:00,1870.365149,2.2,28.9,21.2
8/2/2019 0:00,1867.28216,4.2,28.9,22.4
8/3/2019 0:00,1864.199172,2,24.8,42
8/4/2019 0:00,1841.886226,2.8,24.8,38.4
8/5/2019 0:00,1892.615032,2.6,26.1,28.2
8/6/2019 0:00,1894.891091,3.2,22.9,44.8
8/7/2019 0:00,1907.412694,2.8,22.5,44.2
8/8/2019 0:00,1905.083519,3.2,22.8,44.6
8/9/2019 0:00,1902.754343,4.6,24,40.6
8/10/2019 0:00,1900.425168,3.6,25.5,31.6
8/11/2019 0:00,1898.095992,3,25.3,36.4
8/12/2019 0:00,1895.766817,2.2,23,41.2
8/13/2019 0:00,1873.285155,1.6,22.1,44.6
8/14/2019 0:00,1850.803493,2,24.1,41.4
8/15/2019 0:00,1857.527285,3.2,25.4,29.8
8/16/2019 0:00,1864.251077,2.6,25.8,23.8
8/17/2019 0:00,1890.882768,3.6,25.8,18.2
8/18/2019 0:00,1893.48592,4,26,15.6
8/19/2019 0:00,1883.45301,2.6,27.4,18
8/20/2019 0:00,1872.664598,1.6,23.2,19.2
8/21/2019 0:00,1898.317734,1.8,24.8,23.4
8/22/2019 0:00,1884.38571,2.2,25.1,17.6
8/23/2019 0:00,1904.429706,3.4,24.8,19.4
8/24/2019 0:00,1866.677267,3,26.1,20
8/25/2019 0:00,1868.934524,2.2,24.3,20.8
8/26/2019 0:00,1871.19178,2,24.2,25
8/27/2019 0:00,1873.449037,1.6,24.5,36.2
8/28/2019 0:00,1875.706293,3.6,24.5,24.4
8/29/2019 0:00,1877.96355,1.2,22.6,36
8/30/2019 0:00,1847.364864,2.2,22.8,36
8/31/2019 0:00,1862.262213,4,22.8,45.2
9/1/2019 0:00,1877.159562,2,19.8,47.2
9/2/2019 0:00,1877.241301,2,21.5,33.6
9/3/2019 0:00,1866.118561,2.8,19.9,44
9/4/2019 0:00,1875.451947,1.8,21,43
9/5/2019 0:00,1880.20099,2.6,21.1,43
9/6/2019 0:00,1884.950032,1.4,21,40.8
9/7/2019 0:00,1870.284912,2.2,21.3,33
9/8/2019 0:00,1880.705093,2.4,18.2,48.8
9/9/2019 0:00,1882.773467,2.6,15.7,50.4
9/10/2019 0:00,1884.841842,3.2,16.4,49.2
9/11/2019 0:00,1886.910216,3.2,16.5,50.2
9/12/2019 0:00,1888.97859,2.8,15.7,53
9/13/2019 0:00,1891.046964,3,14.9,53.8
9/14/2019 0:00,1893.115339,2,16,48.6
9/15/2019 0:00,1895.183713,2.6,19.5,35.4
9/16/2019 0:00,1888.202166,5.2,24.8,23.6
9/17/2019 0:00,1881.220618,4.8,23.5,23.2
9/18/2019 0:00,1874.239071,2.8,23.3,25
9/19/2019 0:00,1879.409736,2.4,20.5,26.4
9/20/2019 0:00,1880.955229,3.4,21.2,18.8
9/21/2019 0:00,1882.500722,5,23.5,20.8
9/22/2019 0:00,1884.046216,4.6,21.1,33.4
9/23/2019 0:00,1885.591709,2.2,17.2,40.2
9/24/2019 0:00,1887.137202,3.6,19.3,19.4
9/25/2019 0:00,1884.853227,2.8,18.6,16.8
9/26/2019 0:00,1882.569252,4.6,21.2,18.4
9/27/2019 0:00,1880.285276,5.2,24.3,15.8
9/28/2019 0:00,1878.001301,4.8,21.5,18.6
9/29/2019 0:00,1875.717326,3,20.6,37.6
9/30/2019 0:00,1873.433351,2.2,17.2,40.8
10/1/2019 0:00,1867.384767,2.8,17.7,30
10/2/2019 0:00,1861.336183,2.4,17.3,22.2
10/3/2019 0:00,1855.287599,1.2,18.5,29.2
10/4/2019 0:00,1849.239015,2.4,18,28.4
10/5/2019 0:00,1844.917399,1.6,16.8,50.2
10/6/2019 0:00,1840.595783,4.4,18.8,27.2
10/7/2019 0:00,1836.274167,3,18,24
10/8/2019 0:00,1844.215942,2.6,18,24.6
10/9/2019 0:00,1852.157717,3,17.3,25.2
10/10/2019 0:00,1860.099492,1.8,18.2,34.6
10/11/2019 0:00,1868.041266,3.8,19.4,27.2
10/12/2019 0:00,1875.983041,2.8,19.3,28.6
10/13/2019 0:00,1883.924816,3.2,13.7,61.2
10/14/2019 0:00,1891.866591,1.6,11.4,49.6
10/15/2019 0:00,1892.37804,2,15.5,40.8
10/16/2019 0:00,1874.72897,1.8,15.5,35
10/17/2019 0:00,1858.752371,1.8,15.9,27.4
10/18/2019 0:00,1859.885363,2,16.5,27.2
10/19/2019 0:00,1861.018354,2,16.4,28.2
10/20/2019 0:00,1862.151346,2,13.4,56
10/21/2019 0:00,1863.284338,1.6,14.7,74
10/22/2019 0:00,1864.41733,3.6,9.7,91
10/23/2019 0:00,1865.550321,1.2,12,82
10/24/2019 0:00,1866.683313,1.4,12.2,75.8
10/25/2019 0:00,1867.816305,1.6,12.6,70.6
10/26/2019 0:00,1868.949296,2,12.5,72.6
10/27/2019 0:00,1870.082288,1.8,13,82.6
10/28/2019 0:00,1871.21528,1.2,11,87.6
10/29/2019 0:00,1872.348272,2.8,10.9,69
10/30/2019 0:00,1873.481263,3.4,10.3,67.6
10/31/2019 0:00,1874.614255,1,10.3,70.2
11/1/2019 0:00,1875.399117,3.6,9.9,59.2
11/2/2019 0:00,1876.183978,5,10.8,48
11/3/2019 0:00,1876.968839,2.4,11.1,70.2
11/4/2019 0:00,1877.753701,1.6,7.7,71.2
11/5/2019 0:00,1878.538563,2.4,8.8,55.8
11/6/2019 0:00,1879.323424,2,10.2,57
11/7/2019 0:00,1886.786243,2,9.1,56.4
11/8/2019 0:00,1859.826965,2.2,7.9,49.8
11/9/2019 0:00,1861.483356,2.2,7.6,42.4
11/10/2019 0:00,1863.139746,2.2,7.3,40.8
11/11/2019 0:00,1867.052569,2,9.2,39
11/12/2019 0:00,1870.965392,2,7.2,44.2
11/13/2019 0:00,1874.878215,2.2,6.6,44.2
11/14/2019 0:00,1878.791038,2.2,4.9,47.2
11/15/2019 0:00,1882.703861,2.4,3.9,62.6
11/16/2019 0:00,1882.09659,2.4,0.5,57
11/17/2019 0:00,1881.489319,2.4,0.1,67
11/18/2019 0:00,1880.882047,0.75,-3.4,91.8571
11/19/2019 0:00,1880.274776,1.18182,0.8,95.25
11/20/2019 0:00,1879.667505,1.59091,2.8,81
11/21/2019 0:00,1879.060234,1.54545,0.9,68.875
11/22/2019 0:00,1878.452962,2.13043,2.4,69.75
11/23/2019 0:00,1877.845691,1.95238,3.6,71.25
11/24/2019 0:00,1877.23842,1.69565,0.1,75.875
11/25/2019 0:00,1876.631149,2.66667,0.9,70.625
11/26/2019 0:00,1876.023877,2.58333,4.9,69.625
11/27/2019 0:00,1875.416606,2.79167,5.8,65.625
11/28/2019 0:00,1874.809335,2.3913,6.8,79.375
11/29/2019 0:00,1874.202064,3.30435,7.1,73.75
11/30/2019 0:00,1873.594792,3.34783,7.9,64.125
12/1/2019 0:00,1872.987521,3.13043,7.2,66.375
12/2/2019 0:00,1872.38025,2.45455,6.8,68.5
12/3/2019 0:00,1871.772979,1.66667,3.4,90.875
12/4/2019 0:00,1871.165708,2.625,6.4,73.25
12/5/2019 0:00,1870.558436,2.79167,3.8,75.875
12/6/2019 0:00,1869.951165,3.85714,3.7,76.5
12/7/2019 0:00,1869.343894,4.58333,4.3,84.625
12/8/2019 0:00,1868.736623,3.1875,3.8,81.6667
12/9/2019 0:00,1868.129351,3.63636,3.4,67.2
12/10/2019 0:00,1867.52208,1.92308,1.2,78.4
12/11/2019 0:00,1866.914809,1.3,3.1,88.2
12/12/2019 0:00,1866.307538,1.92308,1.3,71.2
12/13/2019 0:00,1865.700266,3,2.2,85.8
12/14/2019 0:00,1865.092995,4.15385,4.1,79.4
12/15/2019 0:00,1864.485724,3.30769,4.6,76
12/16/2019 0:00,1863.878453,2.07692,2.4,91.4
12/17/2019 0:00,1863.271181,2.53846,3,76.4
12/18/2019 0:00,1862.66391,1.83333,1.2,73.2
12/19/2019 0:00,1862.056639,1.61538,1.1,66
12/20/2019 0:00,1861.60733,2.53846,4.1,54.4
12/21/2019 0:00,1861.158021,2.16667,5.1,52.8
12/22/2019 0:00,1860.708712,3.23077,4.8,47
12/23/2019 0:00,1860.259403,2.92308,5.8,42.6
12/24/2019 0:00,1859.879035,3.92308,5.3,32
12/25/2019 0:00,1859.498668,4,5.9,30
12/26/2019 0:00,1859.1183,6.76923,5.3,67.2
12/27/2019 0:00,1858.737933,4.46154,5.9,60.6
12/28/2019 0:00,1858.357565,2.84615,3.6,68.8
12/29/2019 0:00,1857.977198,2.61538,3.6,60
12/30/2019 0:00,1857.59683,2.5,1.8,61.2
12/31/2019 0:00,1857.216462,2.07692,1.6,92.8
1/1/2020 0:00,1856.836095,2.36364,0.8,85.4
1/2/2020 0:00,1856.455727,2.76923,1,72.8
1/3/2020 0:00,1856.07536,2.07692,-1.1,84.8
1/4/2020 0:00,1855.694992,3.53846,1.4,91
1/5/2020 0:00,1855.314624,1.53846,0.5,81.6
1/6/2020 0:00,1854.934257,1.84615,-2,72.2
1/7/2020 0:00,1854.553889,2.84615,-0.7,73.8
1/8/2020 0:00,1854.173522,3.76923,-0.4,70.8
1/9/2020 0:00,1853.793154,2.53846,2.3,80.6
1/10/2020 0:00,1853.412787,1.3,0.9,79.2
1/11/2020 0:00,1853.032419,2.08333,-1.6,84.4
1/12/2020 0:00,1852.652051,2.5,-2.2,64.4
1/13/2020 0:00,1852.271684,1.58333,-2.2,80
1/14/2020 0:00,1851.891316,1.75,-2.2,88
1/15/2020 0:00,1851.510949,2.76923,-2.5,72
1/16/2020 0:00,1851.130581,1.75,-3.5,88.4
1/17/2020 0:00,1850.750213,5.46154,-2.5,85.4
1/18/2020 0:00,1850.369846,4.53846,1.3,80.8
1/19/2020 0:00,1849.989478,3.69231,0.3,90
1/20/2020 0:00,1849.609111,1.46154,-0.4,90.6
1/21/2020 0:00,1849.228743,1.66667,-2.3,88
1/22/2020 0:00,1848.848376,3.92308,-1.4,81.6
1/23/2020 0:00,1848.468008,3.66667,0.1,74.6
1/24/2020 0:00,1848.08764,3.61538,-1.4,70.8
1/25/2020 0:00,1847.707273,1.76923,-1.4,78
1/26/2020 0:00,1847.326905,1.63636,-3.9,80
1/27/2020 0:00,1846.946538,1.69231,-4.5,78.5
1/28/2020 0:00,1846.56617,2.38462,-3.3,54.8
1/29/2020 0:00,1846.185803,2.16667,-1.1,68.75
1/30/2020 0:00,1845.805435,2.76923,0.3,63.2
1/31/2020 0:00,1845.425067,2.30769,2.8,53
2/1/2020 0:00,1845.0447,4.53846,2.1,74
2/2/2020 0:00,1844.664332,2.46154,-1.8,64
2/3/2020 0:00,1844.283965,3.84615,-3.8,58
2/4/2020 0:00,1843.903597,6.76923,2,54.8
2/5/2020 0:00,1843.523229,5,4.2,61.8
2/6/2020 0:00,1843.142862,4.30769,5,52
2/7/2020 0:00,1842.762494,4.07692,6.7,50.6
2/8/2020 0:00,1842.382127,6.92308,8.1,68
2/9/2020 0:00,1842.001759,7.15385,1,54.6
2/10/2020 0:00,1841.621392,4.38462,-3.5,57
2/11/2020 0:00,1841.241024,3.38462,-8.7,59
2/12/2020 0:00,1840.860656,5.23077,-9.8,49.2
2/13/2020 0:00,1840.480289,4.38462,-0.4,64.4
2/14/2020 0:00,1840.099921,5.33333,3.2,63.6
2/15/2020 0:00,1839.719554,3.38462,-3.6,48.6
2/16/2020 0:00,1839.339186,5.23077,1.8,41
2/17/2020 0:00,1838.958818,3.92308,-1,95.8
2/18/2020 0:00,1838.578451,1.16667,0.8,88.2
2/19/2020 0:00,1838.198083,3.5,0.2,83.2
2/20/2020 0:00,1837.817716,4.5,2.7,90.4
2/21/2020 0:00,1837.437348,2.18182,5.6,73.2
2/22/2020 0:00,1837.056981,2.53846,6.2,64
2/23/2020 0:00,1836.676613,2.91667,5.8,63
2/24/2020 0:00,1836.296245,2.84615,7.2,58.6
2/25/2020 0:00,1835.915878,2.23077,7.6,87.4
2/26/2020 0:00,1835.53551,1.66667,2.2,82.4
2/27/2020 0:00,1835.155143,1.54545,1.7,62.6
2/28/2020 0:00,1834.774775,3.15385,5.2,49.6
2/29/2020 0:00,1834.394407,4.15385,8.4,46.6
3/1/2020 0:00,1834.01404,2.46154,9.1,54
3/2/2020 0:00,1833.633672,3.76923,0.7,95.6
3/3/2020 0:00,1833.253305,3.30769,1.8,76.8
3/4/2020 0:00,1832.872937,2.76923,4,67.8
3/5/2020 0:00,1832.49257,1.66667,6.7,53
3/6/2020 0:00,1832.112202,2.30769,8.4,40.4
3/7/2020 0:00,1832.575411,4.46154,9.1,44.6
3/8/2020 0:00,1833.03862,3.61538,9.4,41.8
3/9/2020 0:00,1833.501829,1.66667,4.5,27.6
3/10/2020 0:00,1833.965038,2.84615,5.6,24
3/11/2020 0:00,1834.428248,2.23077,8.9,29.6
3/12/2020 0:00,1834.891457,2.25,9.8,33.4
3/13/2020 0:00,1835.354666,2.38462,10.9,29.2
3/14/2020 0:00,1835.817875,4.07692,9.8,58.6
3/15/2020 0:00,1836.281084,1.61538,9.9,61.8
3/16/2020 0:00,1836.744293,4.53846,9.7,57.2
3/17/2020 0:00,1837.207502,4.23077,11.8,51.8
3/18/2020 0:00,1837.670711,5.92308,8.8,70.4
3/19/2020 0:00,1838.13392,4,9.3,56
3/20/2020 0:00,1838.59713,3.69231,7.3,45
3/21/2020 0:00,1839.060339,1.8,7.3,79.4
3/22/2020 0:00,1839.523548,2.92308,3.8,73
3/23/2020 0:00,1839.986757,5.69231,4,75.6
3/24/2020 0:00,1840.449966,2.33333,4.6,73.6
3/25/2020 0:00,1840.913175,1.69231,6.8,62
3/26/2020 0:00,1841.376384,3.07692,8.8,49.2
3/27/2020 0:00,1841.839593,2.69231,8.4,68.8
3/28/2020 0:00,1842.302803,3.92308,8.2,75.4
3/29/2020 0:00,1842.766012,4,11,66.4
3/30/2020 0:00,1843.229221,5.92308,7,58.2
3/31/2020 0:00,1843.69243,3.08333,7.8,45.8
4/1/2020 0:00,1844.155639,3.92308,8.3,65.8
4/2/2020 0:00,1844.618848,4.23077,9.2,54.6
4/3/2020 0:00,1845.082057,3.30769,8.9,44.6
4/4/2020 0:00,1845.545266,3.61538,9.5,73.4
4/5/2020 0:00,1846.008475,2.25,6.8,69
4/6/2020 0:00,1846.471685,2.84615,11.6,50.6
4/7/2020 0:00,1846.934894,4.23077,8.9,77.4
4/8/2020 0:00,1847.398103,3.07692,2.7,66.2
4/9/2020 0:00,1847.861312,7,3.4,80.2
4/10/2020 0:00,1848.324521,5.92308,5.8,80.6
4/11/2020 0:00,1848.78773,3.84615,8.8,64.2
4/12/2020 0:00,1849.250939,3.15385,9.3,66
4/13/2020 0:00,1849.714148,2,6,82.2
4/14/2020 0:00,1850.177357,2.07692,5.4,58.8
4/15/2020 0:00,1850.640567,2.53846,8.4,35
4/16/2020 0:00,1851.103776,2.61538,12,42
4/17/2020 0:00,1851.566985,2.27273,12,41.4
4/18/2020 0:00,1852.030194,3.08333,13.1,50
4/19/2020 0:00,1852.493403,2.53846,12,44.2
4/20/2020 0:00,1852.956612,4,14.8,41.2
4/21/2020 0:00,1853.419821,2.25,15.1,39
4/22/2020 0:00,1853.88303,4.33333,14.9,48.4
4/23/2020 0:00,1854.34624,3.30769,12.1,74
4/24/2020 0:00,1854.809449,3,12,86.6
4/25/2020 0:00,1855.272658,5.75,15,57.2
4/26/2020 0:00,1855.735867,5,14.3,58.4
4/27/2020 0:00,1856.199076,2.33333,9.7,55.8
4/28/2020 0:00,1856.662285,3.38462,11.6,50
4/29/2020 0:00,1857.125494,3.84615,10.6,59.6
4/30/2020 0:00,1857.588703,2.09091,12.3,72.8
5/1/2020 0:00,1858.051912,1.83333,12.4,55.4
5/2/2020 0:00,1858.515122,2.58333,12.1,70.4
5/3/2020 0:00,1858.978331,4.92308,12.9,60.8
5/4/2020 0:00,1859.44154,5.23077,13.8,42
5/5/2020 0:00,1859.904749,3.84615,15.7,43.8
5/6/2020 0:00,1860.367958,4,14.5,64.8
5/7/2020 0:00,1860.831167,6.76923,13,53.2
5/8/2020 0:00,1861.294376,3.15385,14.1,44.2
5/9/2020 0:00,1861.757585,3.08333,15.6,41.2
5/10/2020 0:00,1862.220794,8.30769,18.5,31.2
5/11/2020 0:00,1862.684004,3.15385,14.2,40.4
5/12/2020 0:00,1863.147213,4,11.8,54
5/13/2020 0:00,1863.610422,2.58333,13.3,39
5/14/2020 0:00,1864.073631,2.08333,14.7,53.8
5/15/2020 0:00,1864.53684,1.83333,13.8,39.8
5/16/2020 0:00,1865.000049,1.75,17,35.2
5/17/2020 0:00,1865.463258,2.08333,17.9,43
5/18/2020 0:00,1865.926467,2.58333,17.3,54.8
5/19/2020 0:00,1866.389677,2,17.8,40.2
5/20/2020 0:00,1866.852886,2.69231,16.6,58.8
5/21/2020 0:00,1867.316095,2.5,19.6,47.8
5/22/2020 0:00,1867.779304,4.15385,22.1,32.4
5/23/2020 0:00,1868.242513,5,21.5,24.4
5/24/2020 0:00,1868.705722,4.69231,21.1,29.4
5/25/2020 0:00,1869.168931,7.53846,23.7,24.6
5/26/2020 0:00,1869.63214,4.09091,21,26.6
5/27/2020 0:00,1870.095349,3.08333,22.1,27.2
5/28/2020 0:00,1870.558559,2.45455,22.8,24.8
5/29/2020 0:00,1871.021768,3.53846,23.9,25.8
5/30/2020 0:00,1871.484977,3.45455,25.8,20.8
5/31/2020 0:00,1871.948186,2.84615,20.9,17.6
6/1/2020 0:00,1872.411395,2.91667,20.5,16
6/2/2020 0:00,1872.874604,3.63636,23,26.2
6/3/2020 0:00,1873.337813,4,21.9,21.2
6/4/2020 0:00,1873.801022,4.36364,23,20.4
6/5/2020 0:00,1874.264231,3.41667,21.9,17.4
6/6/2020 0:00,1874.727441,3.83333,17.8,31.4
6/7/2020 0:00,1875.19065,4.33333,15.2,42
6/8/2020 0:00,1875.653859,2.23077,17.3,31.6
6/9/2020 0:00,1876.117068,3.75,20,34.4
6/10/2020 0:00,1876.580277,3.27273,19.6,49.2
6/11/2020 0:00,1877.043486,1.72727,21.2,39.4
6/12/2020 0:00,1877.506695,4.38462,22.9,26
6/13/2020 0:00,1877.969904,2.23077,20.7,20.6
6/14/2020 0:00,1878.433114,3.5,20,19.2
6/15/2020 0:00,1878.896323,3.4,20.9,21.8
6/16/2020 0:00,1879.359532,1.46154,23.3,25.8
6/17/2020 0:00,1879.822741,3.08333,25.5,22.8
6/18/2020 0:00,1880.28595,2.36364,23.6,26
6/19/2020 0:00,1880.749159,4,25,21.8
6/20/2020 0:00,1881.212368,5,23.9,18.4
6/21/2020 0:00,1881.675577,3.75,19.7,24.6
6/22/2020 0:00,1882.138786,3.09091,20.4,35.6
6/23/2020 0:00,1882.601996,2.08333,20.6,30.2
6/24/2020 0:00,1883.065205,3,24.3,22.8
6/25/2020 0:00,1883.528414,2.61538,26.7,19.6
6/26/2020 0:00,1883.991623,3.07692,19.4,42.2
6/27/2020 0:00,1884.454832,2.38462,19.8,43.4
6/28/2020 0:00,1881.902269,3.07692,22,41.2
6/29/2020 0:00,1879.349705,3.58333,20.5,46.4
6/30/2020 0:00,1876.797142,1.75,21.6,32
7/1/2020 0:00,1874.244578,2.66667,19.9,26.6
7/2/2020 0:00,1871.692015,2.15385,19.4,32.4
7/3/2020 0:00,1872.928278,2.69231,23,38.4
7/4/2020 0:00,1874.164541,2.30769,23.9,35.2
7/5/2020 0:00,1875.400804,3.53846,23.3,36.6
7/6/2020 0:00,1876.637066,3.23077,22.5,33.4
7/7/2020 0:00,1877.873329,2.38462,23,28.8
7/8/2020 0:00,1879.109592,2.23077,25.8,27.8
7/9/2020 0:00,1880.345855,2.53846,28,34.2
7/10/2020 0:00,1881.582118,2.83333,24.5,36.6
7/11/2020 0:00,1882.818381,2.25,22.1,48.8
7/12/2020 0:00,1884.054643,2.84615,21.7,65.4
7/13/2020 0:00,1885.290906,1.58333,22.3,54.6
7/14/2020 0:00,1886.527169,2.5,22.9,45.6
7/15/2020 0:00,1887.763432,2.66667,22.5,49.6
7/16/2020 0:00,1888.999695,3.16667,21,52.2
7/17/2020 0:00,1890.235958,1.72727,22,36
7/18/2020 0:00,1891.47222,2.9,25.4,37.4
7/19/2020 0:00,1892.708483,2.76923,28.1,32.4
7/20/2020 0:00,1893.944746,4.08333,29.9,23
7/21/2020 0:00,1895.181009,4.2,29.6,21.6
7/22/2020 0:00,1896.417272,5,27.5,35.8
7/23/2020 0:00,1897.653535,2.8,26,43.2
7/24/2020 0:00,1898.889797,2.4,25.5,39.4
7/25/2020 0:00,1900.12606,2.2,26.2,33.2
7/26/2020 0:00,1901.362323,2.4,29.3,26
7/27/2020 0:00,1902.598586,3.4,28,20
7/28/2020 0:00,1903.834849,2.4,28.5,22.2
7/29/2020 0:00,1905.071112,2.6,28.6,28.8
7/30/2020 0:00,1906.307374,3,25,40.6
7/31/2020 0:00,1907.543637,2.6,22.8,44.8
8/1/2020 0:00,1908.7799,3.8,24.8,38.6
8/2/2020 0:00,1910.016163,3.6,26.8,22.6
8/3/2020 0:00,1911.252426,3.2,24.4,30.8
8/4/2020 0:00,1912.488689,3,21.4,45.8
8/5/2020 0:00,1913.724951,3.4,21.4,56.6
8/6/2020 0:00,1914.961214,3.6,20.6,56.8
8/7/2020 0:00,1916.197477,3.4,18.6,50.2
8/8/2020 0:00,1917.43374,2.4,19.7,36.8
8/9/2020 0:00,1918.913544,2,23.8,36.8
8/10/2020 0:00,1920.393348,1.4,25.5,34.2
8/11/2020 0:00,1921.873152,3.2,27,28.8
8/12/2020 0:00,1923.352956,1,24.4,48.4
8/13/2020 0:00,1924.83276,3.4,24.2,46.2
8/14/2020 0:00,1940.039936,1.6,23.3,40.6
8/15/2020 0:00,1939.978946,4.2,21,50.2
8/16/2020 0:00,1939.917956,2,20.1,47.8
8/17/2020 0:00,1939.856967,2.6,21.6,49.6
8/18/2020 0:00,1939.795977,3,21.4,46.8
8/19/2020 0:00,1939.734987,2.8,23.8,40.4
8/20/2020 0:00,1908.76323,2.2,24.7,39.2
8/21/2020 0:00,1908.638782,3.8,25.4,23.4
8/22/2020 0:00,1908.514333,4.4,24.6,19.2
8/23/2020 0:00,1908.389885,5,23.7,39.2
8/24/2020 0:00,1908.265436,2.6,18.6,48.8
8/25/2020 0:00,1908.140988,3,16.4,41.6
8/26/2020 0:00,1909.220082,2.6,16.5,38.8
8/27/2020 0:00,1910.299176,3.8,19.9,32.2
8/28/2020 0:00,1911.378269,3.4,23.7,26
8/29/2020 0:00,1912.457363,2.2,21.5,27.6
8/30/2020 0:00,1913.536457,2.2,20.6,33.4
8/31/2020 0:00,1902.977772,1.8,19.5,32.4
9/1/2020 0:00,1892.419087,2,19.3,27.8
9/2/2020 0:00,1895.230141,2.8,22.9,26.6
9/3/2020 0:00,1898.041195,2.4,22.6,29.8
9/4/2020 0:00,1900.852248,1.6,22.5,35.8
9/5/2020 0:00,1903.663302,2.2,21.1,35.6
9/6/2020 0:00,1901.810532,1.4,22.6,25.4
9/7/2020 0:00,1899.957762,3.2,24.5,21
9/8/2020 0:00,1898.104992,2.4,24,20
9/9/2020 0:00,1896.252222,2,21.2,44.8
9/10/2020 0:00,1917.381605,1.8,21,38.8
9/11/2020 0:00,1912.873903,1.6,19.9,34
9/12/2020 0:00,1908.366201,2.4,22.9,26.6
9/13/2020 0:00,1903.858498,2.4,20.9,38.6
9/14/2020 0:00,1899.350796,2.2,19.7,35.2
9/15/2020 0:00,1894.843094,2.4,21,29.4
9/16/2020 0:00,1897.239712,1.2,20.3,35.8
9/17/2020 0:00,1899.636329,2.4,21.7,38.2
9/18/2020 0:00,1902.032947,3.2,22.8,31.2
9/19/2020 0:00,1904.429564,3.4,22.7,23.4
9/20/2020 0:00,1906.826182,2.4,19.4,41.6
9/21/2020 0:00,1892.15504,1.2,19.8,44.2
9/22/2020 0:00,1893.247419,2.4,20.6,39.2
9/23/2020 0:00,1894.339797,3.8,21.4,39.2
9/24/2020 0:00,1895.432176,2.4,20.4,30.6
9/25/2020 0:00,1896.524555,1.8,20,29
9/26/2020 0:00,1897.616933,2.2,19.8,23.2
9/27/2020 0:00,1898.709312,3,18.3,34.8
9/28/2020 0:00,1899.801691,3.8,16.1,55.6
9/29/2020 0:00,1900.89407,1.6,12.4,52.2
9/30/2020 0:00,1901.986448,3.2,14.6,48
10/1/2020 0:00,1903.078827,2.4,17.5,31.6
10/2/2020 0:00,1904.171206,3.6,18.4,40
10/3/2020 0:00,1905.263584,2.2,16.7,57.2
10/4/2020 0:00,1906.355963,2.2,16.8,57.8
10/5/2020 0:00,1907.448342,1.8,16.4,64
10/6/2020 0:00,1908.54072,2.2,12.2,60.6
10/7/2020 0:00,1909.633099,1.4,10.9,71.4
10/8/2020 0:00,1910.725478,1.6,10.3,74.4
10/9/2020 0:00,1911.817856,2.2,9.3,63
10/10/2020 0:00,1912.910235,1,9.8,53.8
10/11/2020 0:00,1914.002614,2.2,12.5,40.8
10/12/2020 0:00,1915.094993,1.8,13.7,36.8
10/13/2020 0:00,1916.187371,2.6,12.9,29.2
10/14/2020 0:00,1917.27975,2,13.3,26
10/15/2020 0:00,1918.372129,1.8,13.5,24.8
10/16/2020 0:00,1919.464507,1.8,12.5,31
10/17/2020 0:00,1920.556886,2.2,14.4,27.6
10/18/2020 0:00,1920.141394,3.2,15.1,20
10/19/2020 0:00,1919.725901,3,15.4,16.8
10/20/2020 0:00,1919.310409,1.8,14.6,19.4
10/21/2020 0:00,1918.894917,2,14.4,33
10/22/2020 0:00,1918.479424,2,11.4,52.2
10/23/2020 0:00,1918.063932,2.4,12.4,37.6
10/24/2020 0:00,1917.64844,1.4,14.8,35
10/25/2020 0:00,1917.232947,4,15.1,25.8
10/26/2020 0:00,1916.817455,2.2,16.7,33
10/27/2020 0:00,1916.401963,3,12.6,31.8
10/28/2020 0:00,1915.98647,1.6,13.6,29.2
10/29/2020 0:00,1915.570978,2.8,15.1,26.2
10/30/2020 0:00,1915.155486,3.2,15,28.2
10/31/2020 0:00,1914.739993,2.6,16.3,27.4
11/1/2020 0:00,1914.324501,3.2,14.8,23.8
11/2/2020 0:00,1913.909009,1.6,14,25.8
11/3/2020 0:00,1913.493516,2.2,15.9,25
11/4/2020 0:00,1913.078024,2.6,15,51.4
11/5/2020 0:00,1912.662532,2.8,14.1,28
11/6/2020 0:00,1912.247039,4.4,16.8,22.6
11/7/2020 0:00,1911.831547,3.2,12.9,43.2
11/8/2020 0:00,1911.416055,2.6,9.6,78.2
11/9/2020 0:00,1911.000562,1.2,8.8,69.8
11/10/2020 0:00,1910.58507,1.8,10.1,88.2
11/11/2020 0:00,1910.169578,1.2,8.8,88.6
11/12/2020 0:00,1909.754085,1.2,7.9,74.8
11/13/2020 0:00,1909.338593,1.8,5.3,78.8
11/14/2020 0:00,1908.923101,0.4,5.1,65
11/15/2020 0:00,1908.507608,4,6,69.2
11/16/2020 0:00,1908.092116,3.6,6.6,69.2
11/17/2020 0:00,1907.676624,2.8,7.7,78.6
11/18/2020 0:00,1907.261131,1.2,5.8,78.4
11/19/2020 0:00,1906.845639,3.2,4.7,68
11/20/2020 0:00,1906.430147,4.2,6.4,72.4
11/21/2020 0:00,1906.014654,4.6,4.1,92.6
11/22/2020 0:00,1905.599162,2,6.9,80.8
11/23/2020 0:00,1905.18367,1.6,5.8,73.6
11/24/2020 0:00,1904.768177,1.6,4.5,77.8
11/25/2020 0:00,1904.352685,4,2.5,81.6
11/26/2020 0:00,1903.937193,3.6,3.3,94.8
11/27/2020 0:00,1903.5217,1.2,1.6,95.6
11/28/2020 0:00,1903.106208,2,0.9,83.6
11/29/2020 0:00,1902.690716,3.2,1.1,95.8
11/30/2020 0:00,1902.275223,2.2,4.2,86.8
12/1/2020 0:00,1901.859731,1.66667,2.4,83.1667
12/2/2020 0:00,1901.444239,1.6,1,95.2
12/3/2020 0:00,1901.028746,1.8,-0.4,99.6
12/4/2020 0:00,1900.613254,1.2,2.5,83.6
12/5/2020 0:00,1900.197762,1,1,86.6
12/6/2020 0:00,1899.78227,1.6,2.3,85.2
12/7/2020 0:00,1899.366777,2.4,0.1,76.4
12/8/2020 0:00,1898.951285,2.2,-0.7,72.6
12/9/2020 0:00,1898.535793,1.6,1,70.6
12/10/2020 0:00,1898.1203,1.6,-1.2,91.2
12/11/2020 0:00,1897.704808,1.6,1.3,79.4
12/12/2020 0:00,1897.289316,1.4,2.3,74.6
12/13/2020 0:00,1896.873823,1.8,1.3,73.6
12/14/2020 0:00,1896.458331,1.8,1.5,78
12/15/2020 0:00,1896.042839,2,4.4,77.6
12/16/2020 0:00,1895.627346,4.4,2,91
12/17/2020 0:00,1895.211854,3.8,4.6,85
12/18/2020 0:00,1894.796362,3.4,3.5,88.6
12/19/2020 0:00,1894.380869,1.2,-0.2,94.2
12/20/2020 0:00,1893.965377,3.2,2.2,76.8
12/21/2020 0:00,1893.549885,2.6,0.5,77.8
12/22/2020 0:00,1893.134392,1.8,-1.9,89.6
12/23/2020 0:00,1892.7189,3.2,0.5,81.2
12/24/2020 0:00,1892.303408,2.8,1.9,67.8
12/25/2020 0:00,1891.887915,2.8,-4.1,79.6
12/26/2020 0:00,1891.472423,2.4,-6.1,60
12/27/2020 0:00,1891.056931,2.4,-3.3,43.4
12/28/2020 0:00,1890.641438,1.6,-3.1,63.2
12/29/2020 0:00,1890.225946,1.8,-0.8,67.2
12/30/2020 0:00,1889.810454,1.8,-1.2,67.8
12/31/2020 0:00,1889.394961,2.2,0.1,61.6
1/1/2021 0:00,1888.979469,2.8,0.5,60.8
1/2/2021 0:00,1888.563977,2,0.2,64.2
1/3/2021 0:00,1888.148484,2.2,-1.3,70.2
1/4/2021 0:00,1887.732992,2.4,1.7,64
1/5/2021 0:00,1887.3175,1.8,-3.3,66
1/6/2021 0:00,1886.902007,1.6,-1.3,47.4
1/7/2021 0:00,1886.486515,2.8,-0.2,46.6
1/8/2021 0:00,1886.071023,2.6,1.2,42.4
1/9/2021 0:00,1885.65553,3.6,0.8,48
1/10/2021 0:00,1885.240038,3,1.8,48.8
1/11/2021 0:00,1884.824546,2.2,2.2,42.6
1/12/2021 0:00,1884.409053,2.6,6.2,42.8
1/13/2021 0:00,1883.993561,3.8,7.6,49.6
1/14/2021 0:00,1883.578069,3.2,9.4,30
1/15/2021 0:00,1883.162576,6,5.7,44.6
1/16/2021 0:00,1882.747084,3.2,5.6,54.2
1/17/2021 0:00,1882.331592,4,4.9,54.2
1/18/2021 0:00,1881.916099,6.6,4.7,51.4
1/19/2021 0:00,1881.500607,4.4,6.2,45.8
1/20/2021 0:00,1881.085115,4.6,5.2,46
1/21/2021 0:00,1880.669622,2.2,-0.8,84.4
1/22/2021 0:00,1880.25413,1.2,-9.6,66
1/23/2021 0:00,1878.690752,4.6,-8.3,65.2
1/24/2021 0:00,1877.127374,1.6,-7.7,66.8
1/25/2021 0:00,1875.563996,2,-5.2,69
1/26/2021 0:00,1874.000618,1.6,-2.5,61.6
1/27/2021 0:00,1872.437241,1.8,0.4,60.6
1/28/2021 0:00,1870.873863,3,5.2,49.2
1/29/2021 0:00,1869.310485,6.4,8.1,58.2
1/30/2021 0:00,1867.747107,6.2,3.1,58.6
1/31/2021 0:00,1866.183729,4.2,2,59.6
2/1/2021 0:00,1864.620351,2,3.3,60.6
2/2/2021 0:00,1863.056973,2.6,4.4,59
2/3/2021 0:00,1861.493595,1.2,5.3,59.4
2/4/2021 0:00,1859.930217,2.6,7.1,49.6
2/5/2021 0:00,1858.366839,3.6,6.8,71
2/6/2021 0:00,1856.803462,1.8,4.2,91.6
2/7/2021 0:00,1855.240084,2.2,6.5,80.6
2/8/2021 0:00,1853.676706,3.6,6.9,62.2
2/9/2021 0:00,1852.113328,4,8,49.8
2/10/2021 0:00,1850.54995,3.6,7.8,40.8
2/11/2021 0:00,1848.986572,3.2,7,39.6
2/12/2021 0:00,1848.137543,3.4,6.7,42.2
2/13/2021 0:00,1847.288514,4.2,8.1,33
2/14/2021 0:00,1846.439486,4.2,7.4,36.6
2/15/2021 0:00,1845.590457,3.6,9.1,26
2/16/2021 0:00,1844.741428,6.2,12.5,39
2/17/2021 0:00,1843.892399,10,12.9,53.6
2/18/2021 0:00,1843.043371,3.2,5.1,76
2/19/2021 0:00,1842.194342,4.8,1.1,54.8
2/20/2021 0:00,1841.345313,4,1.5,59.4
2/21/2021 0:00,1840.496284,2.6,1.8,66.8
2/22/2021 0:00,1839.647256,3,1.1,62.6
2/23/2021 0:00,1838.798227,3,-0.3,46.8
2/24/2021 0:00,1837.949198,2,0,55.8
2/25/2021 0:00,1837.100169,2.8,-2.3,59
2/26/2021 0:00,1836.251141,2.2,2.2,55.6
2/27/2021 0:00,1835.402112,2.6,2.7,48.4
2/28/2021 0:00,1834.553083,3.4,6.2,38.2
3/1/2021 0:00,1835.360368,3.8,5.6,34.4
3/2/2021 0:00,1836.167654,2.2,4.6,46.6
3/3/2021 0:00,1836.974939,5.2,5.2,53.6
3/4/2021 0:00,1837.782225,2.4,6.3,57.2
3/5/2021 0:00,1838.58951,4,6.2,85.2
3/6/2021 0:00,1839.396796,2.4,3.6,55.6
3/7/2021 0:00,1840.204081,3.2,6.6,39.8
3/8/2021 0:00,1841.011367,4.4,6.7,35.8
3/9/2021 0:00,1841.818652,7.2,8.1,33.8
3/10/2021 0:00,1842.625937,1.8,6.7,43
3/11/2021 0:00,1843.433223,6.6,10.4,51.2
3/12/2021 0:00,1844.240508,3.6,8.9,64.4
3/13/2021 0:00,1845.047794,3.8,-2.1,58
3/14/2021 0:00,1845.855079,4.2,3.5,52.2
3/15/2021 0:00,1846.662365,4.6,6,66.4
3/16/2021 0:00,1847.46965,5.6,10.8,47.2
3/17/2021 0:00,1848.276936,5.2,13,35.8
3/18/2021 0:00,1849.084221,8.4,14.3,32.8
3/19/2021 0:00,1849.891506,6.4,8.6,35
3/20/2021 0:00,1850.698792,2.6,6.9,37
3/21/2021 0:00,1851.506077,2.2,8.3,35
3/22/2021 0:00,1852.313363,5.4,11.8,36.4
3/23/2021 0:00,1853.120648,6.8,13,49.2
3/24/2021 0:00,1853.927934,8.6,16.4,40.8
3/25/2021 0:00,1854.735219,8.4,11.5,31.6
3/26/2021 0:00,1855.542505,4.6,8.4,30
3/27/2021 0:00,1856.34979,7.8,8.9,30.6
3/28/2021 0:00,1857.157076,1.8,3.2,42.4
3/29/2021 0:00,1857.964361,2.4,5.5,36.8
3/30/2021 0:00,1858.771646,3.4,7.1,33.4
3/31/2021 0:00,1859.578932,3.8,9.8,55.6
4/1/2021 0:00,1860.386217,7.4,14,38.6
4/2/2021 0:00,1861.193503,7.2,15.4,28.8
4/3/2021 0:00,1862.000788,5.2,7.1,48
4/4/2021 0:00,1862.808074,2.4,7.3,43.2
4/5/2021 0:00,1863.615359,3.8,9.3,32.2
4/6/2021 0:00,1864.422645,3.8,11.9,32
4/7/2021 0:00,1865.22993,2.4,14.1,27.4
4/8/2021 0:00,1866.037215,2.4,15.6,22
4/9/2021 0:00,1866.844501,2,17.4,33.6
4/10/2021 0:00,1867.651786,4,18.7,28.2
4/11/2021 0:00,1868.459072,6,17.6,33.2
4/12/2021 0:00,1869.266357,4.4,14.5,30.2
4/13/2021 0:00,1870.073643,4.8,13.6,25
4/14/2021 0:00,1870.880928,5.4,14.4,22.8
4/15/2021 0:00,1871.688214,2.8,11.1,22.6
4/16/2021 0:00,1872.495499,2.4,11.2,25.2
4/17/2021 0:00,1871.129119,1.8,13.7,27.4
4/18/2021 0:00,1869.76274,3.2,15.7,28.4
4/19/2021 0:00,1868.39636,4,15.5,31.2
4/20/2021 0:00,1867.02998,2.6,18.3,29.8
4/21/2021 0:00,1865.6636,4.2,19.5,27
4/22/2021 0:00,1864.297221,4.8,20.1,30.2
4/23/2021 0:00,1862.930841,4.2,21.1,24.4
4/24/2021 0:00,1861.564461,2.2,16.3,34.8
4/25/2021 0:00,1862.188213,2.8,18.5,23
4/26/2021 0:00,1862.811965,4.2,18.6,22.8
4/27/2021 0:00,1863.435716,3,18.3,48
4/28/2021 0:00,1864.059468,2.2,16.3,55.4
4/29/2021 0:00,1864.68322,3.6,13.9,44.2
4/30/2021 0:00,1865.306972,2.8,16.4,43.2
5/1/2021 0:00,1865.930723,3.8,18.2,34.8
5/2/2021 0:00,1866.554475,1.8,12.6,59.4
5/3/2021 0:00,1867.178227,3,12.4,54.8
5/4/2021 0:00,1867.801979,3.4,14.2,43.6
5/5/2021 0:00,1868.42573,4,17.5,33.8
5/6/2021 0:00,1869.049482,2.2,16.4,44.2
5/7/2021 0:00,1869.673234,4.2,16.6,49.2
5/8/2021 0:00,1870.296986,4,13.8,61.8
5/9/2021 0:00,1870.920737,2,17.2,42.4
5/10/2021 0:00,1871.544489,3.6,19.2,30.6
5/11/2021 0:00,1872.168241,5.6,20.5,34
5/12/2021 0:00,1872.791993,2.6,19.3,37.2
5/13/2021 0:00,1873.415744,2.4,18.7,38.8
5/14/2021 0:00,1874.039496,3.2,15.6,39
5/15/2021 0:00,1872.73299,2.6,15.2,34.6
5/16/2021 0:00,1871.426483,1.6,18,33.8
5/17/2021 0:00,1870.119977,3.6,21.2,21.4
5/18/2021 0:00,1868.81347,5,21.9,19.4
5/19/2021 0:00,1867.506964,2.4,21,22.6
5/20/2021 0:00,1868.490455,2.4,21.6,21.2
5/21/2021 0:00,1869.473946,4.2,22.4,23.4
5/22/2021 0:00,1870.457437,4.6,24.1,18
5/23/2021 0:00,1871.440928,3.2,23.3,30.4
5/24/2021 0:00,1872.424419,3,21.2,34.4
5/25/2021 0:00,1873.40791,3.8,17,62.2
5/26/2021 0:00,1874.391401,2.4,15.8,63.6
5/27/2021 0:00,1875.374892,1.6,19.4,41.6
5/28/2021 0:00,1876.358383,2.4,21.8,28.4
5/29/2021 0:00,1877.341873,5,22.9,19.2
5/30/2021 0:00,1878.325364,5.4,23.5,16.8
5/31/2021 0:00,1879.308855,2.4,22,17.6
6/1/2021 0:00,1880.292346,3.8,22.2,21
6/2/2021 0:00,1881.275837,4.6,23.9,16.8
6/3/2021 0:00,1882.259328,5.6,27.5,14.8
6/4/2021 0:00,1883.242819,4.8,23.8,14.4
6/5/2021 0:00,1884.22631,5.2,23.7,17.4
6/6/2021 0:00,1885.209801,4.8,23.2,16.8
6/7/2021 0:00,1886.193292,2.6,20.1,17.2
6/8/2021 0:00,1887.247819,2,20,18.2
6/9/2021 0:00,1888.302347,2.8,20.8,24
6/10/2021 0:00,1889.356874,3,21.3,17.4
6/11/2021 0:00,1890.411402,2.6,21.6,17.8
6/12/2021 0:00,1891.465929,2.6,22.1,20.8
6/13/2021 0:00,1892.520457,3.4,22.5,21.8
6/14/2021 0:00,1893.574984,2.6,20.5,17.8
6/15/2021 0:00,1894.629512,2.6,23.3,17.2
6/16/2021 0:00,1895.684039,2.8,24.3,23
6/17/2021 0:00,1896.738567,3.8,25.8,18.2
6/18/2021 0:00,1897.793094,3.4,24.5,27.4
6/19/2021 0:00,1887.754701,4.2,25,19
6/20/2021 0:00,1877.716308,6.6,28.1,16.8
6/21/2021 0:00,1876.081386,4,27.7,22.6
6/22/2021 0:00,1874.446464,4.2,28.1,18.4
6/23/2021 0:00,1872.811541,4,27.1,15.4
6/24/2021 0:00,1871.176619,3,26,15.6
6/25/2021 0:00,1872.409508,4,25.1,16.6
6/26/2021 0:00,1873.642398,4,26.3,16.8
6/27/2021 0:00,1874.875287,4.8,27.4,18.6
6/28/2021 0:00,1876.108176,4.2,25.9,18
6/29/2021 0:00,1877.341066,3.6,27.4,24.4
6/30/2021 0:00,1878.573955,3,26.8,21
7/1/2021 0:00,1879.806845,3.4,25.3,31.2
7/2/2021 0:00,1881.039734,3.6,23.6,28.4
7/3/2021 0:00,1882.272623,1.8,24.8,25.4
7/4/2021 0:00,1883.505513,4.2,28.5,19.2
7/5/2021 0:00,1884.738402,4.8,27.5,10.4
7/6/2021 0:00,1882.912473,3,25.9,13.2
7/7/2021 0:00,1882.734257,1.8,24.1,17
7/8/2021 0:00,1882.556042,2.4,24.4,34
7/9/2021 0:00,1882.377826,2.2,22.5,42.2
7/10/2021 0:00,1893.78279,2.4,22.4,46.4
7/11/2021 0:00,1912.44101,3.2,24,43
7/12/2021 0:00,1910.295442,2.8,26.3,36.8
7/13/2021 0:00,1908.149873,2.4,23.4,44.2
7/14/2021 0:00,1906.004305,3.4,24.2,49.4
7/15/2021 0:00,1903.858736,2.6,21.7,52.4
7/16/2021 0:00,1901.713168,2,20.9,53.4
7/17/2021 0:00,1899.567599,2,22.1,50.8
7/18/2021 0:00,1897.422031,2.8,25.4,32.4
7/19/2021 0:00,1895.276462,2.2,26.3,35
7/20/2021 0:00,1893.130894,2,25.9,25.8
7/21/2021 0:00,1890.985325,1.8,28,22.2
7/22/2021 0:00,1888.839757,5.4,28.6,21
7/23/2021 0:00,1890.248469,2,26.5,30
7/24/2021 0:00,1891.657181,2.6,26.1,37.4
7/25/2021 0:00,1893.065893,2.2,25.8,38.4
7/26/2021 0:00,1894.474605,3.4,27.3,36.4
7/27/2021 0:00,1894.182469,3.6,27.6,29.2
7/28/2021 0:00,1893.890333,5.4,26.3,42
7/29/2021 0:00,1893.598197,3.6,21.4,47.6
7/30/2021 0:00,1893.306061,2.6,21.5,50.8
7/31/2021 0:00,1893.013925,3.4,22.8,51.6
8/1/2021 0:00,1892.721789,3.4,24.1,56
8/2/2021 0:00,1895.069346,2.4,21.7,63.4
8/3/2021 0:00,1897.416903,2.2,22.1,52
8/4/2021 0:00,1899.76446,1.4,23.3,48.8
8/5/2021 0:00,1902.112017,2,22.6,37.4
8/6/2021 0:00,1904.459574,2,23.6,36.4
8/7/2021 0:00,1906.807131,3.2,26,32.2
8/8/2021 0:00,1909.154688,2.2,26.3,36.4
8/9/2021 0:00,1911.502245,2.6,26,30.4
8/10/2021 0:00,1913.849801,4.4,28.5,20.6
8/11/2021 0:00,1916.197358,3.4,29,24.6
8/12/2021 0:00,1918.544915,2.4,25.3,23.6
8/13/2021 0:00,1920.892472,3.8,25.1,26.4
8/14/2021 0:00,1923.240029,3,23.1,30.2
8/15/2021 0:00,1925.587586,3.4,22.8,36.8
8/16/2021 0:00,1927.935143,3.8,23,39.8
8/17/2021 0:00,1930.2827,3,23.3,34.4
8/18/2021 0:00,1907.29807,2.6,25.4,29.6
8/19/2021 0:00,1923.622999,3.8,25.7,25.8
8/20/2021 0:00,1920.330328,3.8,26.7,20.6
8/21/2021 0:00,1917.037658,2,23.7,36.8
8/22/2021 0:00,1913.744987,2,22.6,31.6
8/23/2021 0:00,1910.452316,3.2,24.3,29.6
8/24/2021 0:00,1907.159645,2.4,26,26.2
8/25/2021 0:00,1903.866975,4,28,19.8
8/26/2021 0:00,1900.574304,2.8,22.9,31
8/27/2021 0:00,1897.281633,2.4,23.8,31.2
8/28/2021 0:00,1898.477529,2.4,22.9,28.2
8/29/2021 0:00,1899.673425,1.8,21.9,26.6
8/30/2021 0:00,1900.869322,2.4,25.1,26.4
8/31/2021 0:00,1902.065218,2.8,26,20.6
9/1/2021 0:00,1903.261114,3.4,26.5,15.8
9/2/2021 0:00,1909.608921,4,24.3,17.8
9/3/2021 0:00,1915.956728,4.6,25.3,15.8
9/4/2021 0:00,1895.518258,3.2,21.3,44.2
9/5/2021 0:00,1902.301105,1.6,21.2,35.4
9/6/2021 0:00,1909.083951,2.4,22,27.2
9/7/2021 0:00,1926.337784,2.6,21,33.6
9/8/2021 0:00,1905.51367,2.8,19.8,46.8
9/9/2021 0:00,1908.236208,2.6,20,47.4
9/10/2021 0:00,1910.958745,2.4,20.3,44.8
9/11/2021 0:00,1913.681283,3.2,24.3,29
9/12/2021 0:00,1915.822611,3.4,24.8,20.2
9/13/2021 0:00,1939.761461,3.8,23.8,17.4
9/14/2021 0:00,1930.255004,3.4,22.8,17
9/15/2021 0:00,1920.748547,3.2,23.9,20.2
9/16/2021 0:00,1911.24209,4.6,25.3,13.8
9/17/2021 0:00,1901.735633,3.4,21,20.8
9/18/2021 0:00,1920.518508,1.6,17.8,32.8
9/19/2021 0:00,1898.511331,2,19,32.4
9/20/2021 0:00,1876.504154,3.2,20.5,20.2
9/21/2021 0:00,1886.425042,2.2,18.1,35.6
9/22/2021 0:00,1896.345929,3.2,20,26.8
9/23/2021 0:00,1906.693649,3.4,20.2,18.2
9/24/2021 0:00,1896.819829,5.2,21,22.6
9/25/2021 0:00,1898.714589,5.4,22.7,26.2
9/26/2021 0:00,1900.609349,3.6,16.3,33.6
9/27/2021 0:00,1902.504109,2.2,16.1,34.8
9/28/2021 0:00,1904.398869,3.4,20.9,23.6
9/29/2021 0:00,1932.142203,1.8,15.5,42.8
9/30/2021 0:00,1926.804618,2.4,18.3,46
10/1/2021 0:00,1921.467033,2.2,18.3,42.4
10/2/2021 0:00,1916.129448,1.8,16.5,47.2
10/3/2021 0:00,1910.791862,2.2,17.5,42
10/4/2021 0:00,1905.454277,5,22.3,25.8
10/5/2021 0:00,1900.116692,3.2,14.7,39.2
10/6/2021 0:00,1896.776432,1.8,11.8,32.2
10/7/2021 0:00,1891.50731,2.4,12.7,52.6
10/8/2021 0:00,1903.164824,1.8,9.1,54.2
10/9/2021 0:00,1916.40174,1.8,9.3,54.2
10/10/2021 0:00,1915.721868,1.4,11.9,45.4
10/11/2021 0:00,1915.041995,2.4,14.8,38.8
10/12/2021 0:00,1914.362123,3,15,30.8
10/13/2021 0:00,1913.682251,2.8,17.6,24
10/14/2021 0:00,1913.002378,2.2,16.7,35.2
10/15/2021 0:00,1912.322506,2.2,16.5,32
10/16/2021 0:00,1911.642633,1.8,17.4,34.4
10/17/2021 0:00,1910.962761,3,19.4,27.8
10/18/2021 0:00,1910.282889,2,12.7,32.8
10/19/2021 0:00,1909.603016,2.2,12.8,37.4
10/20/2021 0:00,1908.923144,3.6,11.7,54.4
10/21/2021 0:00,1908.243272,2.4,8.4,56
10/22/2021 0:00,1907.563399,3.6,9.4,46
10/23/2021 0:00,1906.883527,4.4,12.9,36.6
10/24/2021 0:00,1906.203654,2.6,9.3,42.4
10/25/2021 0:00,1905.523782,3,10.5,31
10/26/2021 0:00,1904.182898,4,9.8,49.6
10/27/2021 0:00,1902.842015,2.2,7.7,57.8
10/28/2021 0:00,1901.501131,1.8,7.5,38
10/29/2021 0:00,1900.160247,3.2,11.3,46
10/30/2021 0:00,1898.819363,3.2,13.4,60.8
10/31/2021 0:00,1897.47848,2.8,12.9,79.6
11/1/2021 0:00,1896.137596,2.2,14.9,77
11/2/2021 0:00,1894.796712,2.4,13.7,68.6
11/3/2021 0:00,1893.455828,2,12.6,67.2
11/4/2021 0:00,1892.114945,2.4,11.8,73.6
11/5/2021 0:00,1890.774061,2.4,9.6,72.6
11/6/2021 0:00,1889.433177,3,5.8,58.4
11/7/2021 0:00,1888.092293,2,2,51.8
11/8/2021 0:00,1886.75141,1.6,2.2,41.2
11/9/2021 0:00,1885.410526,1.8,5.9,32.6
11/10/2021 0:00,1887.090929,3.2,7.4,32.2
11/11/2021 0:00,1886.797202,3.4,7.1,55.6
11/12/2021 0:00,1886.503475,3.2,3,85.4
11/13/2021 0:00,1886.209748,2.2,4.8,75
11/14/2021 0:00,1885.916022,2.2,3.5,68.8
11/15/2021 0:00,1885.622295,2.6,5.4,61.2
11/16/2021 0:00,1885.328568,2.2,4.7,68.4
11/17/2021 0:00,1885.034841,1.2,0.2,59.4
11/18/2021 0:00,1884.741114,3,3.6,58.6
11/19/2021 0:00,1884.447387,3.8,4.9,66
11/20/2021 0:00,1884.15366,3.4,6.2,59.8
11/21/2021 0:00,1883.859933,2.2,7.5,65.8
11/22/2021 0:00,1883.566207,2.8,6.3,86.2
11/23/2021 0:00,1883.27248,2.2,6.6,68
11/24/2021 0:00,1882.978753,3.2,5.8,61
11/25/2021 0:00,1882.685026,3.2,6.4,57
11/26/2021 0:00,1882.391299,3.2,7.8,54
11/27/2021 0:00,1882.097572,2.6,8.7,57.8
11/28/2021 0:00,1881.803845,2.6,9.6,49
11/29/2021 0:00,1881.510118,2.6,7.9,55.4
11/30/2021 0:00,1881.216392,2.2,10,44.8
12/1/2021 0:00,1880.922665,7,13.2,30
12/2/2021 0:00,1880.628938,2.8,11.4,71.2
12/3/2021 0:00,1880.335211,2.2,1.9,69.2
12/4/2021 0:00,1880.041484,2,3,63.6
12/5/2021 0:00,1879.747757,3.2,4.3,37.6
12/6/2021 0:00,1879.45403,1.8,4.8,87
12/7/2021 0:00,1879.160303,1.6,1.3,97.2
12/8/2021 0:00,1878.866577,2.8,6.8,64.2
12/9/2021 0:00,1878.57285,3,6.8,60.2
12/10/2021 0:00,1878.279123,1.2,6.1,58.8
12/11/2021 0:00,1877.985396,2,4.3,57
12/12/2021 0:00,1877.691669,2.4,3.3,56.2
12/13/2021 0:00,1877.549909,2,2.8,56.2
12/14/2021 0:00,1877.408148,1.8,2.7,57
12/15/2021 0:00,1877.266388,5.4,5.6,56.8
12/16/2021 0:00,1877.124627,3.4,6.2,52.8
12/17/2021 0:00,1876.982867,3.6,6.8,59.6
12/18/2021 0:00,1876.841106,2.8,4.5,88.8
12/19/2021 0:00,1876.699346,2.8,3.7,53
12/20/2021 0:00,1876.557585,3,4.5,63.6
12/21/2021 0:00,1876.415825,9.8,5.4,49.2
12/22/2021 0:00,1876.274064,6.6,3.8,57.6
12/23/2021 0:00,1876.132304,3.8,4.2,68.8
12/24/2021 0:00,1875.990543,3.8,2.3,66.4
12/25/2021 0:00,1875.848783,1.6,0,84.6
12/26/2021 0:00,1875.707022,1.4,-0.3,62.4
12/27/2021 0:00,1875.565262,1.4,0.6,63.2
12/28/2021 0:00,1875.423501,1.4,0.7,68.2
12/29/2021 0:00,1875.281741,1.2,-0.3,79.6
12/30/2021 0:00,1875.13998,1.4,-0.3,69.6
12/31/2021 0:00,1874.99822,1.6,-2.1,76.2
1/1/2022 0:00,1874.856459,3,-1.4,66.4
1/2/2022 0:00,1874.714699,3,3,57.4
1/3/2022 0:00,1874.572938,2.2,0.9,77.8
1/4/2022 0:00,1874.431178,2.8,-1,68
1/5/2022 0:00,1874.289417,3.4,1.5,64.8
1/6/2022 0:00,1874.147657,2.2,0.9,50.8
1/7/2022 0:00,1874.005896,3.4,3.1,49.8
1/8/2022 0:00,1873.864136,2.4,3.3,56
1/9/2022 0:00,1872.492429,1.8,3.3,60.2
1/10/2022 0:00,1871.120721,3.8,4.3,51.2
1/11/2022 0:00,1869.749013,4,7.3,65.2
1/12/2022 0:00,1868.377306,3.2,6.1,67.2
1/13/2022 0:00,1867.005599,3.2,5.1,67
1/14/2022 0:00,1865.633891,4,7.4,82.6
1/15/2022 0:00,1864.262184,6.6,3.5,61.8
1/16/2022 0:00,1862.890476,4.4,2.3,62.6
1/17/2022 0:00,1861.518768,1.2,-3.8,88
1/18/2022 0:00,1860.147061,2.6,-11,67.6
1/19/2022 0:00,1864.299374,3,-6.6,41.2
1/20/2022 0:00,1871.200348,4.4,-2.4,68.2
1/21/2022 0:00,1878.101322,1.4,-8,54
1/22/2022 0:00,1872.544367,1.8,-12.1,64.2
1/23/2022 0:00,1866.987413,1.6,-7.7,47.2
1/24/2022 0:00,1861.430458,3,-3.5,58.4
1/25/2022 0:00,1861.935712,3,-2,69.2
1/26/2022 0:00,1862.440965,3.6,-2.3,65
1/27/2022 0:00,1862.946219,5.2,1.4,57.2
1/28/2022 0:00,1863.451472,4,-1.1,62.4
1/29/2022 0:00,1863.956726,3.4,-0.9,58.8
1/30/2022 0:00,1864.461979,3.8,-3.5,63.2
1/31/2022 0:00,1864.967233,3.2,-1.6,60.2
2/1/2022 0:00,1865.472486,1.8,-0.3,66.4
2/2/2022 0:00,1865.97774,3.2,0.3,54.2
2/3/2022 0:00,1866.482993,3.2,2.3,50
2/4/2022 0:00,1866.988247,3,5.1,70
2/5/2022 0:00,1867.4935,3.6,2.2,76
2/6/2022 0:00,1867.998754,2.2,-1.9,65.4
2/7/2022 0:00,1868.504007,1.8,0,64
2/8/2022 0:00,1869.009261,3.6,0.3,59.4
2/9/2022 0:00,1869.514514,3.8,2.4,62.8
2/10/2022 0:00,1870.019768,2.4,3.9,59.8
2/11/2022 0:00,1870.525021,4,3.3,87.4
2/12/2022 0:00,1871.030275,2.4,1.1,81.4
2/13/2022 0:00,1871.535528,2.8,1.1,70.8
2/14/2022 0:00,1872.040782,2.8,0.9,64.4
2/15/2022 0:00,1872.546035,3.8,5.3,55.6
2/16/2022 0:00,1873.051289,2.2,0.4,81.4
2/17/2022 0:00,1873.556542,1,3.4,81
2/18/2022 0:00,1874.061796,4,3.9,67.4
2/19/2022 0:00,1874.567049,3,3.2,61.4
2/20/2022 0:00,1875.072303,4,3,93.6
2/21/2022 0:00,1875.577556,3,5,77.8
2/22/2022 0:00,1876.08281,2.4,6.1,62.8
2/23/2022 0:00,1876.588063,3.8,6.9,57.2
2/24/2022 0:00,1877.093317,2.4,7.6,51.4
2/25/2022 0:00,1877.59857,4.2,7.4,61.4
2/26/2022 0:00,1878.103824,4.6,8.4,56.2
2/27/2022 0:00,1878.609077,2.4,5.4,56.8
2/28/2022 0:00,1879.114331,2,6.2,51.6
3/1/2022 0:00,1879.619584,3.4,7.1,47
3/2/2022 0:00,1880.124838,1.6,7.1,65.8
3/3/2022 0:00,1880.630091,4.8,11.6,56.8
3/4/2022 0:00,1881.135345,10.8,7.4,38.4
3/5/2022 0:00,1881.640598,8.4,4.6,39.4
3/6/2022 0:00,1882.145852,3.4,2.9,46.2
3/7/2022 0:00,1882.651105,2.8,2,81.8
3/8/2022 0:00,1883.156359,5,6.2,60
3/9/2022 0:00,1883.661612,4.2,8,55.6
3/10/2022 0:00,1884.166866,4.8,10.5,61.4
3/11/2022 0:00,1884.672119,6.6,9.2,60.4
3/12/2022 0:00,1885.177373,6.4,7.4,38.4
3/13/2022 0:00,1885.682626,5,5.3,38.8
3/14/2022 0:00,1884.492571,2.8,5.1,42.6
3/15/2022 0:00,1883.302517,4.8,4.8,43.8
3/16/2022 0:00,1882.112462,3.2,0,80.8
3/17/2022 0:00,1880.922407,2.2,-1.7,49.8
3/18/2022 0:00,1879.732353,2,1,41.8
3/19/2022 0:00,1878.542298,4.2,4.8,42.6
3/20/2022 0:00,1877.352243,6.8,8.9,32.2
3/21/2022 0:00,1876.162189,2.6,4.7,79.6
3/22/2022 0:00,1874.972134,2.2,6.8,82.4
3/23/2022 0:00,1873.782079,2.8,0.5,85.2
3/24/2022 0:00,1872.592025,4.4,5.5,77.6
3/25/2022 0:00,1871.40197,3.6,4.9,51
3/26/2022 0:00,1870.211915,6.6,4.9,56.6
3/27/2022 0:00,1869.021861,4.4,3.3,49.6
3/28/2022 0:00,1867.831806,3.6,4.9,41.4
3/29/2022 0:00,1868.09144,2.4,6.9,34
3/30/2022 0:00,1868.351075,5.6,12.2,22.4
3/31/2022 0:00,1868.61071,2.6,12.1,54.8
4/1/2022 0:00,1868.870344,2.2,11.1,42.6
4/2/2022 0:00,1869.129979,3,14.9,28.4
4/3/2022 0:00,1869.389613,3,16.1,23.4
4/4/2022 0:00,1869.598103,4.6,16.6,22.4
4/5/2022 0:00,1869.806593,2.6,14.6,23.4
4/6/2022 0:00,1870.015083,3.8,15.1,24.6
4/7/2022 0:00,1870.223573,5.4,18.5,26.6
4/8/2022 0:00,1870.432063,4.4,15.4,31.2
4/9/2022 0:00,1870.640552,5.2,15.1,53
4/10/2022 0:00,1870.849042,2.6,10.8,55.6
4/11/2022 0:00,1871.057532,5.4,13.8,33.4
4/12/2022 0:00,1871.266022,8.2,17.5,22.2
4/13/2022 0:00,1871.474512,6.25,15.7,16.75
4/14/2022 0:00,1871.683002,5.2,13.7,14.2
4/15/2022 0:00,1871.891492,3.2,17.1,36.4
4/16/2022 0:00,1872.099982,4,10,49.6
4/17/2022 0:00,1872.308472,4.8,7.3,48
4/18/2022 0:00,1872.516962,1.8,9.5,34
4/19/2022 0:00,1872.725451,2.8,15.4,24
4/20/2022 0:00,1872.933941,4.6,19.2,25.6
4/21/2022 0:00,1873.142431,4.2,20,24.4
4/22/2022 0:00,1873.350921,1.8,15,21.4
4/23/2022 0:00,1873.559411,2.4,16.1,22.4
4/24/2022 0:00,1873.767901,1.6,15.8,29.4
4/25/2022 0:00,1873.976391,2.4,14.9,64.4
4/26/2022 0:00,1874.184881,1.8,12.4,81
4/27/2022 0:00,1874.393371,2.6,14.8,60.8
4/28/2022 0:00,1874.601861,3.4,15.3,52.2
4/29/2022 0:00,1874.81035,2.6,14.9,66.6
4/30/2022 0:00,1875.01884,2.6,13.9,66.6
5/1/2022 0:00,1875.22733,2.2,13.5,72.8
5/2/2022 0:00,1875.43582,2.8,13,75.6
5/3/2022 0:00,1875.64431,2.2,13.6,67.6
5/4/2022 0:00,1875.8528,1.8,14.9,55.8
5/5/2022 0:00,1876.06129,5.6,18,33.2
5/6/2022 0:00,1876.26978,5.8,17,36
5/7/2022 0:00,1876.47827,5.4,15.6,31.4
5/8/2022 0:00,1876.68676,3.4,11.4,41
5/9/2022 0:00,1876.895249,3.2,12.1,43.8
5/10/2022 0:00,1877.103739,4.6,11.4,41.2
5/11/2022 0:00,1877.312229,4.2,14.8,40.2
5/12/2022 0:00,1877.520719,3,12.2,34.4
5/13/2022 0:00,1877.729209,1.8,8.9,62.2
5/14/2022 0:00,1877.937699,2,12.4,41.8
5/15/2022 0:00,1878.597221,2.4,18.1,27
5/16/2022 0:00,1879.256743,7.8,21.3,25
5/17/2022 0:00,1879.916265,2.8,15.1,44.2
5/18/2022 0:00,1880.575788,1.8,16.5,38
5/19/2022 0:00,1881.23531,2.2,17,35.6
5/20/2022 0:00,1881.894832,6,18.7,26.2
5/21/2022 0:00,1882.554354,4.6,13.6,43
5/22/2022 0:00,1883.213876,2.8,15.8,24.8
5/23/2022 0:00,1883.873398,7,22.1,21.8
5/24/2022 0:00,1884.53292,3.8,17.1,33.6
5/25/2022 0:00,1885.192443,4.8,18.8,28.4
5/26/2022 0:00,1885.851965,4.4,13.8,43.8
5/27/2022 0:00,1886.511487,2,14.7,29.8
5/28/2022 0:00,1887.171009,2,16.1,22.4
5/29/2022 0:00,1887.830531,2.4,17.9,35.2
5/30/2022 0:00,1888.490053,2,18.3,33.6
5/31/2022 0:00,1889.149575,2,18.5,25.6
6/1/2022 0:00,1889.809097,1.8,21.3,25.2
6/2/2022 0:00,1890.46862,2.2,22.1,23.8
6/3/2022 0:00,1891.128142,2.6,21.2,25.2
6/4/2022 0:00,1891.787664,2.2,23.2,22
6/5/2022 0:00,1892.447186,3.6,24.9,24
6/6/2022 0:00,1893.106708,3.6,24.2,29
6/7/2022 0:00,1893.76623,4.2,23.5,28.6
6/8/2022 0:00,1894.425752,6,25.1,19
6/9/2022 0:00,1895.085275,3.8,22,19
6/10/2022 0:00,1895.744797,2.4,21.5,21
6/11/2022 0:00,1896.404319,3,21.1,36.4
6/12/2022 0:00,1897.063841,2.2,22.1,36
6/13/2022 0:00,1898.12493,3,24,22.8
6/14/2022 0:00,1899.186019,3.2,21.8,26
6/15/2022 0:00,1900.247109,3.8,22.3,18.4
6/16/2022 0:00,1901.308198,2.2,21,27.6
6/17/2022 0:00,1902.369287,2.4,22.1,24.2
6/18/2022 0:00,1893.476711,3.2,25.1,22.4
6/19/2022 0:00,1889.326215,3.2,24.8,35.4
6/20/2022 0:00,1884.043142,2.4,25.6,32
6/21/2022 0:00,1878.760069,3.8,26.8,22.8
6/22/2022 0:00,1881.782574,4.6,26.2,13
6/23/2022 0:00,1884.80508,2.8,22.9,22.4
6/24/2022 0:00,1887.827585,2.8,24.1,25.4
6/25/2022 0:00,1890.850091,2.6,23.8,20.8
6/26/2022 0:00,1893.872596,4.6,27.5,17.6
6/27/2022 0:00,1896.895102,2.4,23.6,18
6/28/2022 0:00,1899.917607,3.2,24.5,16.6
6/29/2022 0:00,1899.340579,3.2,23.9,18.4
6/30/2022 0:00,1898.763552,1.8,23.1,27.8
7/1/2022 0:00,1898.186524,1.6,24.5,29.8
7/2/2022 0:00,1897.609496,2.8,24.1,35.2
7/3/2022 0:00,1900.271854,5.8,19,50.6
7/4/2022 0:00,1901.343166,3.4,17.1,44.8
7/5/2022 0:00,1902.414477,2,19.4,41
7/6/2022 0:00,1903.485789,2.8,20.1,38
7/7/2022 0:00,1904.557101,4.6,23.4,33.4
7/8/2022 0:00,1905.628412,2.8,22.9,40.4
7/9/2022 0:00,1906.699724,3,24.8,32.8
7/10/2022 0:00,1907.771036,2.4,24.3,27.8
7/11/2022 0:00,1908.842348,3.8,27.4,20.4
7/12/2022 0:00,1909.913659,4.8,28.6,21.6
7/13/2022 0:00,1910.984971,4.4,27.7,21.2
7/14/2022 0:00,1912.056283,3.4,27.2,18.8
7/15/2022 0:00,1913.127594,2.8,24.1,24.2
7/16/2022 0:00,1914.198906,3,24.8,24.8
7/17/2022 0:00,1915.270218,3.6,27,20.4
7/18/2022 0:00,1916.341529,3.2,25.4,19.6
7/19/2022 0:00,1917.412841,3.4,26.8,19.4
7/20/2022 0:00,1913.892064,2.2,26.4,22.4
7/21/2022 0:00,1910.371288,3.4,28.1,20
7/22/2022 0:00,1906.850511,3.8,25.8,17.4
7/23/2022 0:00,1903.329735,3,24,34.2
7/24/2022 0:00,1899.808958,2.2,23,37.2
7/25/2022 0:00,1900.667117,2.2,21.8,44.2
7/26/2022 0:00,1901.525275,2.2,23.6,37
7/27/2022 0:00,1902.383434,2.8,25.5,32.8
7/28/2022 0:00,1903.241592,3.2,26.8,43.4
7/29/2022 0:00,1904.099751,2.2,26,46.8
7/30/2022 0:00,1904.95791,2.2,25.9,39
7/31/2022 0:00,1905.816068,2.4,26,30
8/1/2022 0:00,1906.674227,3.4,24.5,36
8/2/2022 0:00,1907.532386,3.4,27,23.4
8/3/2022 0:00,1908.390544,2.2,29.2,22.6
8/4/2022 0:00,1909.248703,2.4,27.8,28.2
8/5/2022 0:00,1910.106861,3,27,35
8/6/2022 0:00,1910.96502,3.4,29.3,26
8/7/2022 0:00,1911.823179,2.4,27.5,36
8/8/2022 0:00,1912.681337,2.8,26.3,34.8
8/9/2022 0:00,1913.539496,1.8,25,44
8/10/2022 0:00,1914.397655,2,25,42.2
8/11/2022 0:00,1915.255813,4.6,26.2,35.6
8/12/2022 0:00,1916.113972,4.4,28,26.6
8/13/2022 0:00,1916.97213,3.6,26.9,28.8
8/14/2022 0:00,1917.830289,3,29,19.2
8/15/2022 0:00,1918.688448,3.2,29.5,16.2
8/16/2022 0:00,1919.546606,2.2,29.9,16.4
8/17/2022 0:00,1920.404765,3.6,26.8,22.6
8/18/2022 0:00,1921.262924,2.6,22.8,14.6
8/19/2022 0:00,1922.121082,2.2,21.1,14.4
8/20/2022 0:00,1922.979241,3.2,21,17
8/21/2022 0:00,1923.837399,2.4,21,24.6
8/22/2022 0:00,1924.695558,1.6,22.9,34.2
8/23/2022 0:00,1925.553717,2.4,23.5,36.4
8/24/2022 0:00,1926.411875,1.8,20.1,33.4
8/25/2022 0:00,1927.270034,2,19.7,27.2
8/26/2022 0:00,1928.128193,2.6,22,22.8
8/27/2022 0:00,1928.986351,2.6,22.5,18.2
8/28/2022 0:00,1929.84451,2.4,20.1,16.4
8/29/2022 0:00,1930.702668,2,21.1,13
8/30/2022 0:00,1931.560827,1.8,22.7,18.4
8/31/2022 0:00,1933.774417,2.2,23.3,16.8
9/1/2022 0:00,1923.358769,2,23,15.2
9/2/2022 0:00,1912.943121,2.2,23.9,13.8
9/3/2022 0:00,1902.527473,3,22.7,16.2
9/4/2022 0:00,1892.111825,2.6,22.3,15.8
9/5/2022 0:00,1888.091929,2.6,25.2,16.6
9/6/2022 0:00,1894.907615,3.6,25.2,17.4
9/7/2022 0:00,1901.723301,5.4,25.2,24.6
9/8/2022 0:00,1908.538986,3.2,24.2,31.4
9/9/2022 0:00,1915.354672,3.2,22.1,27.8
9/10/2022 0:00,1922.170358,1.2,20.2,45.6
9/11/2022 0:00,1918.626906,1.6,20.1,46.2
9/12/2022 0:00,1915.083454,2.2,20.8,41.8
9/13/2022 0:00,1911.540003,4,24.5,20.2
9/14/2022 0:00,1907.996551,4.4,24.2,18.2
9/15/2022 0:00,1904.453099,2.2,19.4,35
9/16/2022 0:00,1898.0397,2.2,18.7,34.8
9/17/2022 0:00,1898.7244,2,19.2,27.8
9/18/2022 0:00,1899.4091,1.6,20.4,26.2
9/19/2022 0:00,1900.0938,2.8,23.9,20.8
9/20/2022 0:00,1900.7785,2.8,22.6,20.2
9/21/2022 0:00,1901.4632,3.2,22.6,22.4
9/22/2022 0:00,1902.1479,3,22.9,30
9/23/2022 0:00,1902.8326,4.4,21,30.6
9/24/2022 0:00,1903.5173,3.8,22.1,24
9/25/2022 0:00,1904.202,3.2,21.2,25.4
9/26/2022 0:00,1904.8867,2.4,18.3,50
9/27/2022 0:00,1902.886827,1.8,19.3,44
9/28/2022 0:00,1900.886954,2.6,20.8,21
9/29/2022 0:00,1898.88708,3,21,17.2
9/30/2022 0:00,1896.887207,2.4,21.5,18.8
10/1/2022 0:00,1905.182764,2.2,17.6,43.2
10/2/2022 0:00,1905.257613,1.6,17,39.4
10/3/2022 0:00,1905.332462,4,20.9,27.2
10/4/2022 0:00,1905.407311,2.8,18.8,20.6
10/5/2022 0:00,1905.482159,2,18.3,22.6
10/6/2022 0:00,1905.557008,2,19.3,20.4
10/7/2022 0:00,1905.631857,1.8,17.1,37.4
10/8/2022 0:00,1899.720951,2.4,17.6,39.4
10/9/2022 0:00,1893.810045,4,19.3,27.6
10/10/2022 0:00,1887.899139,5.2,20.9,19.6
10/11/2022 0:00,1881.988233,2.8,17.1,25.2
10/12/2022 0:00,1915.364751,1.6,13.2,40
10/13/2022 0:00,1913.363913,2,15.3,41.4
10/14/2022 0:00,1911.363076,2.4,15.4,29
10/15/2022 0:00,1909.362238,4,17.7,24
10/16/2022 0:00,1907.3614,2.6,19.3,22.2
10/17/2022 0:00,1905.360563,2,18.4,23.8
10/18/2022 0:00,1903.359725,2.4,13.9,53.6
10/19/2022 0:00,1902.70124,1.4,14.9,48.6
10/20/2022 0:00,1902.042754,4.4,18.4,33.8
10/21/2022 0:00,1901.384269,4,19.3,18.8
10/22/2022 0:00,1900.725783,3.6,15.3,63.8
10/23/2022 0:00,1900.067298,1.4,14.4,77.8
10/24/2022 0:00,1899.408813,4,12.1,67.4
10/25/2022 0:00,1898.750327,1.6,11.3,65.2
10/26/2022 0:00,1898.091842,1,12.4,60
10/27/2022 0:00,1897.433356,1.8,14.5,63.2
10/28/2022 0:00,1896.774871,2.8,15.8,53.2
10/29/2022 0:00,1896.116386,2,10.4,77.2
10/30/2022 0:00,1895.4579,1.6,10.6,66.8
10/31/2022 0:00,1894.799415,3.4,9.9,60.2
11/1/2022 0:00,1894.140929,4.2,13.7,45.4
11/2/2022 0:00,1893.482444,2.2,9.9,48.6
11/3/2022 0:00,1892.823958,3,8.8,45.6
11/4/2022 0:00,1892.165473,2,8.8,40.2
11/5/2022 0:00,1891.506988,2,9.6,41.6
11/6/2022 0:00,1890.848502,2.2,8.4,40.8
11/7/2022 0:00,1890.190017,1.4,6.6,56.4
11/8/2022 0:00,1889.531531,3.2,7.3,52.2
11/9/2022 0:00,1888.873046,3.2,8.6,44.6
11/10/2022 0:00,1888.214561,2.8,8,64.4
11/11/2022 0:00,1887.556075,2.6,9.1,74
11/12/2022 0:00,1886.89759,1.6,6.3,86.6
11/13/2022 0:00,1886.239104,1.8,5.3,76.4
11/14/2022 0:00,1885.580619,3,6.2,56
11/15/2022 0:00,1890.83906,1.8,7.4,52
11/16/2022 0:00,1896.097501,2.6,5.6,46.8
11/17/2022 0:00,1901.355942,3.4,8.4,77.4
11/18/2022 0:00,1906.614383,2.6,8.2,62.4
11/19/2022 0:00,1923.078364,2,7.2,59.2
11/20/2022 0:00,1922.16904,1.6,6.6,56
11/21/2022 0:00,1921.259716,3,7.7,50.2
11/22/2022 0:00,1920.350392,3.4,8.6,39.2
11/23/2022 0:00,1919.441068,2.8,10.2,42.4
11/24/2022 0:00,1918.531744,1.4,9.4,48
11/25/2022 0:00,1917.62242,4,9.9,48.6
11/26/2022 0:00,1916.713096,3.2,11.5,57.8
11/27/2022 0:00,1915.803773,4,8.4,64.4
11/28/2022 0:00,1914.894449,1,5.6,63.6
11/29/2022 0:00,1913.985125,1.8,6.9,57.4
11/30/2022 0:00,1913.075801,2.4,8.1,64.2
12/1/2022 0:00,1912.166477,2.4,6.2,84
12/2/2022 0:00,1911.257153,1.4,6.2,89.8
12/3/2022 0:00,1910.347829,2,5.9,81.2
12/4/2022 0:00,1909.438505,1.8,2.5,66.8
12/5/2022 0:00,1908.529181,1.6,0.7,62.8
12/6/2022 0:00,1907.619857,3.2,-0.5,77.4
12/7/2022 0:00,1906.710533,3.4,3.5,77.6
12/8/2022 0:00,1905.801209,2.4,2.2,81.4
12/9/2022 0:00,1904.891885,1,-1.4,89.4
12/10/2022 0:00,1903.982561,1.6,1.3,83.6
12/11/2022 0:00,1903.073237,1.4,1.1,78.6
12/12/2022 0:00,1902.163914,1.8,0.3,76.2
12/13/2022 0:00,1901.25459,5.2,5.7,67.2
12/14/2022 0:00,1900.345266,3.8,7.2,72
12/15/2022 0:00,1899.435942,2.8,6.6,70.8
12/16/2022 0:00,1898.526618,2.6,6.2,72
12/17/2022 0:00,1897.617294,1.4,5.9,72
12/18/2022 0:00,1896.70797,1.6,2.9,67.6
12/19/2022 0:00,1895.798646,2,4.7,58
12/20/2022 0:00,1895.631333,3,3.1,58.4
12/21/2022 0:00,1895.46402,3.4,3.1,63.6
12/22/2022 0:00,1895.296707,3,3.8,58
12/23/2022 0:00,1895.129393,3.4,4.9,54.2
12/24/2022 0:00,1894.96208,5.2,0.4,93.2
12/25/2022 0:00,1894.794767,0.8,1.3,84.2
12/26/2022 0:00,1894.627454,1.6,2.6,84.6
12/27/2022 0:00,1894.460141,1.6,-0.9,81.6
12/28/2022 0:00,1894.292828,2.2,-0.1,70.2
12/29/2022 0:00,1894.125514,1.8,0.8,61.2
12/30/2022 0:00,1893.958201,1.2,0.9,65.2
12/31/2022 0:00,1893.790888,1.8,1.1,66
1/1/2023 0:00,1893.623575,2,-1.3,68.6
1/2/2023 0:00,1893.456262,1.6,-0.5,58
1/3/2023 0:00,1893.288949,1.6,-1.2,57.2
1/4/2023 0:00,1893.121636,4,-1,62.2
1/5/2023 0:00,1892.954322,3.8,1.6,79.2
1/6/2023 0:00,1892.787009,2.6,3,76.8
1/7/2023 0:00,1892.619696,3,0.5,73.4
1/8/2023 0:00,1892.452383,3.8,1,73
1/9/2023 0:00,1892.28507,1.8,1.8,72.4
1/10/2023 0:00,1892.117757,3.2,-4.3,64.6
1/11/2023 0:00,1891.950443,1.8,-5.2,71.8
1/12/2023 0:00,1891.78313,3,-2.9,67.6
1/13/2023 0:00,1891.615817,3.4,-2.4,63
1/14/2023 0:00,1891.448504,3.8,-1.4,55.2
1/15/2023 0:00,1891.281191,3.6,-4,86.4
1/16/2023 0:00,1891.113878,2,-3.3,77.4
1/17/2023 0:00,1890.946565,1.4,-5.3,84.4
1/18/2023 0:00,1890.779251,1,-2.6,79.4
1/19/2023 0:00,1890.611938,1.2,-4.4,88.4
1/20/2023 0:00,1890.444625,2,-3.8,84.6
1/21/2023 0:00,1890.277312,1.6,-4.6,78.8
1/22/2023 0:00,1890.109999,2,-2.8,74.8
1/23/2023 0:00,1889.942686,1.4,-3.3,64.2
1/24/2023 0:00,1889.775372,1.2,-4.2,57.2
1/25/2023 0:00,1889.608059,1.4,-4.6,62.6
1/26/2023 0:00,1889.440746,2,-2.2,74.8
1/27/2023 0:00,1889.273433,3,-1.3,70.6
1/28/2023 0:00,1889.10612,3.8,-4.4,64
1/29/2023 0:00,1888.938807,1.8,-0.5,86.6
1/30/2023 0:00,1888.771493,2.2,2,73.6
1/31/2023 0:00,1888.60418,3,4,87.6
2/1/2023 0:00,1888.436867,3.4,2.4,69.2
2/2/2023 0:00,1888.269554,3,2.6,72.2
2/3/2023 0:00,1888.102241,6.2,-0.6,64.2
2/4/2023 0:00,1887.934928,2.2,-1.9,58.2
2/5/2023 0:00,1887.767615,3.8,-1.9,66.4
2/6/2023 0:00,1887.600301,3.6,3.2,52
2/7/2023 0:00,1887.432988,3.6,4.3,76.2
2/8/2023 0:00,1887.265675,3,1.4,76.8
2/9/2023 0:00,1887.098362,3.6,-0.6,53.4
2/10/2023 0:00,1886.931049,2.2,-4.7,57.4
2/11/2023 0:00,1886.763736,2.6,-5,58.4
2/12/2023 0:00,1886.596422,4,-2.5,86.2
2/13/2023 0:00,1886.429109,4,-3.5,70.2
2/14/2023 0:00,1886.261796,3,-2.9,58.2
2/15/2023 0:00,1886.094483,6.2,-0.5,59.2
2/16/2023 0:00,1885.92717,4.6,-1.5,61.4
2/17/2023 0:00,1885.759857,2.2,-5.2,50.8
2/18/2023 0:00,1885.592544,3.4,-3.2,38.4
2/19/2023 0:00,1885.42523,6.4,1.1,33.6
2/20/2023 0:00,1885.257917,4.6,3.8,44.2
2/21/2023 0:00,1885.090604,6.6,4.5,37
2/22/2023 0:00,1884.923291,7.6,5.7,39
2/23/2023 0:00,1884.755978,3.8,5.6,33.2
2/24/2023 0:00,1884.588665,3,4,51.6
2/25/2023 0:00,1884.421351,2,2.8,57.4
2/26/2023 0:00,1884.254038,3.8,6.3,59
2/27/2023 0:00,1884.086725,2.2,6.4,45
2/28/2023 0:00,1883.919412,2.2,6.6,46
3/1/2023 0:00,1883.628737,3.6,6,42.8
3/2/2023 0:00,1883.338062,4.6,7.8,36.4
3/3/2023 0:00,1883.047387,4.2,8.9,36.6
3/4/2023 0:00,1882.756713,5.6,12.7,39.8
3/5/2023 0:00,1882.466038,7.2,11.6,34.8
3/6/2023 0:00,1882.175363,6.4,15.2,28.4
3/7/2023 0:00,1881.884688,6.2,12,53.6
3/8/2023 0:00,1881.594013,2.6,7.8,63.4
3/9/2023 0:00,1881.303338,3.4,6.1,87
3/10/2023 0:00,1881.012664,3.2,7.8,61.6
3/11/2023 0:00,1880.721989,2.8,6.8,53.4
3/12/2023 0:00,1880.431314,4,9.9,41.6
3/13/2023 0:00,1880.140639,3.2,10.1,61.2
3/14/2023 0:00,1879.849964,2.6,12.3,61.6
3/15/2023 0:00,1879.559289,4,12.7,57.2
3/16/2023 0:00,1879.268615,4.8,8.8,60
3/17/2023 0:00,1878.97794,2.8,7.9,74.8
3/18/2023 0:00,1878.687265,2.4,8.6,54.6
3/19/2023 0:00,1878.39659,3.8,9.6,44.2
3/20/2023 0:00,1878.105915,2.4,9.6,69.6
